url,title,content
https://dsvh.gov.vn/le-cung-ban-vuong-cua-nguoi-dao-do-3463,Lễ cúng Bàn vương của người Dao đỏ,"Người Dao đỏ (xã Hồ Thầu, huyện Hoàng Su Phì, tỉnh Hà Giang) thường nhắc đến câu chuyện về vị vua Bình Vương yêu nước, thương dân. Vua có hộ vệ yêu tên Bàn Hồ, là một long khuyển mình dài ba thước, lông đen vằn vàng mượt như nhung. Khi Cao Vương - vua nước láng giềng, đánh chiếm biên ải, gây cảnh lầm than cho dân chúng, Bình Vương cử nhiều binh hùng tướng mạnh đến trấn giữ biên ải nhưng không đánh đuổi được Cao Vương. Trong lúc nguy cấp, Bàn Hồ hiến kế hay giúp Bình Vương đánh đuổi được Cao Vương, đem lại bình yên cho dân chúng. Sau khi lập công, Bàn Hồ bỗng hóa thành chàng trai khôi ngô tuấn tú, được Bình Vương gả cho Tam công chúa. Họ sinh được 12 con (6 trai và 6 gái). Vua Bình Vương phong vương cho Bàn Hồ, lấy hiệu là Bàn Vương, ban sắc cho 12 người con của Bàn Vương mang 12 họ. Các họ này chính là thủy tổ của các họ tộc người Dao hiện nay. Vào giờ xấu, Bàn Vương bị một con sơn dương dùng sừng đâm ngã và chết tại cây Gù hương. Các con cháu Bàn Vương đã chặt cây Gù Hương làm thân trống, lột da sơn dương làm mặt trống tế lễ Bàn Vương.

Kể từ đó đến nay, qua nhiều thế hệ, con cháu người Dao nói chung và người Dao ở xã Hồ Thầu nói riêng đều tổ chức cúng tạ Bàn Vương để tưởng nhớ vị sư tổ anh hùng trong lòng dân tộc, giáo dục truyền thống về lòng dũng cảm, tự tin, cũng là dịp cầu mong Bàn Vương che trở cho con cháu được bình an, may mắn.

Tùy vào mỗi ngành Dao mà thời gian thực hiện lễ cúng khác nhau, nhưng nhìn chung tục cúng Bàn Vương cơ bản giống nhau. Người Dao đỏ 5 năm cúng một lần, nhưng có họ trong ngành Dao đỏ 9 năm cúng một lần, có dòng họ 12 năm cúng một lần. Người Dao áo dài ít khi cúng Bàn Vương trong lễ cúng riêng, mà thường cúng Bàn Vương trong các lễ làm chay, lễ cấp sắc hay cúng Tổ tiên.

Hàng năm, từ ngày 15 tháng Mười đến 30 tháng Chạp Âm lịch, con cháu người Dao đỏ lại thay phiên nhau làm Chủ lễ cúng tổ Bàn Vương. Người Dao đỏ tại xã Hồ Thầu thực hành nghi lễ phổ biến ở 2 hình thức: “Đàng Ton” - lễ cúng quy mô dòng họ và lễ cúng trong từng gia đình.

Nghi lễ “Đàng Ton” có 12 dòng họ tham gia, mỗi dòng họ cử ra 1 nam, 1 nữ đồng trinh dâng huơng và lễ cho Bàn Vương. Các dòng họ luân phiên làm Chủ lễ. Trường hợp bị thiên tai mất mùa hoặc điều kiện kinh tế gia đình gặp khó khăn, đồng bào làm lễ cúng nhỏ khất với Bàn Vương, năm sau mùa màng bội thu sẽ làm lễ cúng chính thức. Thông thường, nếu có gia đình nào trong dòng họ nuôi được con lợn nái và đẻ ra chỉ một con lợn đực thì họ coi đó là con lợn của Bàn Vương (hay còn gọi là lợn thần) sẽ được cử làm Chủ lễ năm đó và có trách nhiệm chăm sóc đặc biệt cho lợn thần (nuôi ở chuồng riêng), đến cuối năm sẽ mổ cúng dâng cho Bàn Vương. Ngoài ra, lễ này được tổ chức đối với các dòng họ coi Bàn Vương là ông tổ của mình và tự tập hợp nhau lại tổ chức cúng theo truyền thống với thời gian diễn ra khá dài.

Lễ cúng Bàn Vương trong từng gia đình được tiến hành kết hợp trong các lễ cúng khác của gia đình như lễ cấp sắc, lễ cúng cơm mới, cúng vía lúa, làm chay… Phần nghi lễ không phải mời thầy cúng vì người đàn ông chủ nhà đều đã được làm lễ cấp sắc nên họ đủ khả năng thực hiện trong quy mô gia đình. Ngoài ra, người Dao đỏ tổ chức cúng Bàn Vương khi gia đình gặp điều không may như: ốm đau, dịch bệnh, mất mùa... theo kiểu giải hạn, song hình thức này không nhiều.

Để tổ chức lễ cúng Bàn Vương, cần có các lễ vật như: 01 con lợn làm sạch để cả lòng, tiết; 01 con gà trống; 12 cặp bánh dày (gói lá chuối buộc từng cặp); 01 túm gạo được buộc bằng vải trắng (sài chiên); Giấy bản theo cúng bình thường và 7 siên (chìn shún) (được thầy cúng cắt hình và đục, dập theo hình hoặc khuôn chữ…); 02 chum rượu (01 cúng Bàn Vương, 01 cúng Tổ tiên và các vị Thần).

Đàn cúng tế Bàn Vương được lập bằng gỗ ở gian giữa nhà, bên cạnh bàn thờ tổ tiên. Trên đàn tế có trang trí giấy nhiều màu, tranh thờ, vải, nhiều đồ vật trang trí kết từ tre nứa…

Trước khi cúng Bàn Vương, các thầy cúng gia đình, dòng họ tham gia lễ phải kiêng 7 ngày, kể từ khi gia chủ đến mời dự lễ là vợ chồng phải cách ly...  Khi lấy tranh, gia chủ cũng phải đun nước tắm sạch sẽ, xong mới được vào nơi nơi cất giữ tranh thờ - được coi là chốn linh thiêng đặc biệt. Tất cả mọi người dự lễ đều phải ăn chay, không được ai quở mắng, chê bai nhau…

Lễ cúng Bàn Vương thường được tiến hành theo trình tự: Gia chủ, là gia đình được dòng họ cử làm Chủ lễ sẽ đi mời ba thầy cúng chính đến gia đình làm lễ. Thầy cúng thứ nhất gọi là Thầy cả (người Dao Đỏ gọi là vìn nhủng sai) sẽ cúng trả lợn thần cho Bàn Vương và các đời Tổ tiên; thầy cúng thứ hai (người Dao Đỏ gọi là sai pành piê, người Dao Tiền gọi là diang gòa con) sẽ cúng cầu khấn sức khỏe, Thần lúa, Thần chăn nuôi; thầy cúng thứ ba sẽ cúng trả các lễ vật cho các vị Thần và Tổ tiên. Ba thầy cúng mời theo 3 thầy khác để phụ làm lễ. Sau khi đã bàn bạc trao đổi, thầy xem ấn định ngày tổ chức lễ cúng Bàn Vương, Thầy cả sẽ đến gia đình trước để làm một số nghi thức như: Cắt giấy, dập chữ dưới đất… đồng thời, thầy cúng trình báo lên bàn thờ Tổ tiên các lễ vật theo phong tục trước ngày lễ.

Ngày làm lễ, các thầy cúng đến nhà gia chủ làm lễ, lập đàn cúng. Gian giữa nhà treo bộ tranh Tam Thanh, 2 bên bàn thờ Tổ tiên treo hai bộ tranh Tam Thanh của thầy cúng. Các thầy cúng làm phép tẩy uế, vẩy nước phép khắp nhà, làm phép trấn an, dán các bùa phép (viết bằng chữ Nôm Dao trên giấy bản) quanh nhà, rồi khấn mời ma Bàn Vương, Tổ tiên và các Thần cùng âm binh của các thầy về dự lễ.

Trước bàn thờ, nghi lễ đầu tiên dâng lên Tổ tiên là bữa cơm chay. Các thầy cúng thay mặt gia chủ thỉnh mời 3 vị Tam thanh, Bàn Vương cùng các Tổ tiên, Thổ địa về dự lễ.

Sau khi đã chuẩn bị các đồ lễ, các thầy cúng được mời đến làm lễ lập đàn khấn Bàn Vương, gia tiên và các thần thánh đến chứng giám buổi lễ. Con lợn cúng thần được đưa lên đàn cúng để cúng gia tiên và Bàn Vương.

Sau đó là nghi thức dâng hương đại diện của 12 dòng họ Dao, 12 cặp nam, nữ đồng trinh lần lượt dâng hương, dâng lễ vật và đứng sau các thầy vái lạy, đón chào các “ma” Tổ tiên, “ma” Bàn Vương và các Thần, Thánh. Trên đàn cúng, sắp đặt lễ vật gồm: một con lợn (lợn thần) đã mổ, một bát gạo, một bát nước, một chai rượu, một ít tiền âm phủ, 5 chiếc chén và 5 đôi đũa. Sáu thầy cúng ngồi vào hai ghế dài, kê song song đối diện hai bên đàn cúng. Thầy cả trịnh trọng khấn, tế lễ, dâng lợn thần cho Bàn Vương, cầu mong Bàn Vương phù hộ cho con cháu trong gia đình Chủ lễ và gia tộc người Dao. Sau đó, các thầy phụ lần lượt đọc những bài cúng kể về sự khai thiên lập địa, sự tích nạn hồng thủy, quá trình chuyển cư đầy gian truân của người Dao… Tiếp đó, các thầy đọc các tích truyện kể về công ơn đã sinh ra các họ người Dao của Bàn Vương. Những người phụ lễ bày tiếp gạo, rượu, bánh… lên bàn cúng ở gần ban thờ Tổ tiên. Sau đó, Thầy cả cúng tế lễ Bàn Vương, các bậc Tổ tiên, các vị Thần, Thánh và dòng họ của gia chủ. Tiếp theo là các điệu múa được mường tượng hóa như: múa bắt rùa, múa chuông…, với 6 chiếc áo, các thầy cúng lần lượt tái hiện lại những điệu múa cổ, một nghi thức không thể thiếu trong lễ cúng Bàn Vương.

Sau khi cúng tế Bàn Vương, Tổ tiên, các vị Thần, Thánh của gia chủ và 12 dòng họ của người Dao, các thầy cúng hóa tiền, vàng và cùng hát bài tiễn đưa, vái chào từ biệt Bàn Vương, các bậc Tổ tiên, các vị Thần, Thánh về lại cõi dương gian.

Như vậy, lễ cúng Bàn Vương trải qua 7 bước: (1) mời Bàn Vương và thần linh về dự lễ; (2) thổi tù và báo hiệu Bàn Vương đến nhận lễ; (3) dâng hương, dâng lễ tạ ơn Bàn Vương; (4) múa gọi nhờ thiên linh thổ địa nghênh đón Bàn Vương và Kể sơ lược tiểu sử, vóc dáng của Bàn Vương từ khi ra đời; (5) múa gậy thể hiện Bàn Vương, các thần linh, thổ địa xuống đàn nhận lễ vật; (6) ca hát vui cùng Bàn Vương ở đàn cúng; (7) hóa vàng tiễn Bàn Vương về trời.

Sau khi cúng Bàn vương, tất cả dân làng quây quần cùng nhau dự bữa cơm cộng cảm. khi đó thầy cúng thổi tù và mời gọi Bàn Vương và các vị Thần linh về hưởng lễ, chứng minh lễ vật và lòng thành của 12 dòng họ dâng lên.           Các thầy rung chuông tập hợp mọi người cúng vào múa chuông, múa gậy thể hiện sức mạnh đoàn kết đánh đuổi ngoại xâm và các nghi lễ xua đuổi tà ma xấu ác, đem lại bình yên may mắn cho con cháu.

Ngoài ra, sau nghi lễ, cộng đồng người Dao còn tổ chức trò chơi vật chày, một trò chơi mang màu sắc huyền bí nhưng cũng đem lại sự kịch tính và nhiều tiếng cười cho những người tham gia. Có thể nói, vật chày là một trò chơi dân gian thể hiện sức mạnh, sự kết hợp khéo léo, sự bí ẩn của cả người làm phép và người vật. Sau khi thầy cúng làm phép nhờ Thần linh giúp đỡ, dù rất đông người cùng tham gia nhưng không thể ấn nổi đầu chày chạm đất. Điều này thể hiện việc bản làng năm đó được các vị thần phù hộ, nâng đỡ.

Tục thờ cúng Bàn Vương mang tính biểu tượng cho sự thống nhất về nguồn gốc của người Dao, thể hiện sự biết ơn với Tổ tiên đã sinh ra họ. Lễ cúng Bàn Vương nhằm cầu cho mưa thuận gió hòa, hoa màu tươi tốt, cho con cháu người Dao đời đời ấm no, hạnh phúc. Thực hành nghi lễ nhằm thỏa mãn nhu cầu tâm linh của người dân; giúp gắn kết cộng đồng và bảo lưu các giá trị văn hóa truyền thống. Lễ cúng Bàn Vương là dịp để mọi người gặp gỡ giao lưu, trao đổi tình cảm, được cùng nhau sinh hoạt cộng đồng tạo nên sự đoàn kết gắn bó, đồng thời là môi trường giáo dục truyền thống cho thế hệ trẻ, trao truyền các bài cúng, hình thức thực hiện nghi lễ… cho thế hệ kế cận, góp phần bảo tồn và phát huy bản sắc văn hóa của người Dao đỏ.

Với giá trị tiêu biểu, Lễ cúng Bàn Vương của người Dao Đỏ được Bộ trưởng Bộ Văn hóa, Thể thao và Du lịch đưa vào Danh mục di sản văn hóa phi vật thể quốc gia theo Quyết định số 779/QĐ-BVHTTDL ngày 04/4/2022 ./.

Dương Anh

(Theo Hồ sơ tư liệu, Cục Di sản văn hóa)"
https://dsvh.gov.vn/le-cau-mua-cua-nguoi-co-lao-do-3464,Lễ cầu mùa của người Cờ Lao đỏ,"Lễ cầu mùa của người Cờ Lao đỏ (xã Túng Sán, huyện Hoàng Su Phì, tỉnh Hà Giang) gắn với truyện người Cờ Lao đỏ từ Quý Châu (Trung Quốc) sang định cư ở Tùng Sán nhưng luôn bị mất mùa, ốm đau, chết chóc. Vì thế, người Cờ Lao đỏ cùng lập ra miếu thờ “Hoàn Vần Thùng”, vị Thần cai quản đất này. Từ đó, dân bản ít bệnh tật hơn, cây trồng, vật nuôi phát triển tốt, mùa màng bội thu, người dân không còn thiếu đói.

Từ đó đến nay, vào mùng 06 tháng Sáu Âm lịch hàng năm, bà con cùng nhau làm Lễ cầu mùa chung tại miếu Hoàng Vần Thùng. Sau đó, các hộ gia đình về làm lễ riêng. Lễ cầu mùa là nghi lễ quan trọng của người Cờ Lao đỏ với quan niệm Tổ tiên và các Thần linh là thế lực luôn phù hộ, che chở để có sự yên lành cho cuộc sống của con người và vật nuôi, để cây trồng tươi tốt.

Nghi lễ cúng cầu mùa của người Cờ Lao đỏ được tổ chức cúng ở 02 loại:

Cúng cầu mùa chung của cả làng tại miếu thờ Hoàng Vần Thùng

Để chuẩn bị cho “Lễ cầu mùa”, dân bản phân công nhau chuẩn bị, mỗi gia đình chuẩn bị một ít tiền đóng góp để mua một con lợn, rượu, bánh kẹo, gạo nếp làm bánh dày để làm lễ vật chung của cả làng; Ngoài ra, mỗi hộ khi đến mang theo 01 con gà, một thẻ hương trầm, giấy bản, giấy màu... và phân công một số người phụ giúp Chủ lễ thực hiện các công việc trong buổi lễ.

Vào buổi sáng ngày tổ chức buổi lễ, thầy cúng và dân làng mang lợn, hương trầm, bánh dày, cơm, gạo, rượu, gà, tiền làm bằng giấy bản, giấy màu (đủ 5 màu: vàng, đỏ, tím, đen, xanh) đến ngôi Miếu. Sau đó cùng nhau quét dọn, nhóm bếp và bày lễ vật tại 5 ban thờ (gồm: Ban thờ chính giữa đối diện cửa ra vào là ban thờ Hoàng Vần Thùng; ban thờ bên trái cửa vào là ban thờ làm ăn phát đạt, cầu mùa; ban bên phải cửa vào là ban thờ Dương Thông - người sáng lập ra miếu thờ; ban tiếp bên phải là ban thờ cầu cho việc sinh con; cuối cùng là ban thờ bà mụ (nơi làm lễ cho trẻ từ khi sinh ra và thờ đến hết 12 tuổi và chỉ thờ ở Miếu). Chỉ có thầy cúng (Chủ lễ) mới được phép mở cửa và thực hiện các nghi lễ tại miếu Hoàng Vần Thùng vào các dịp cúng Lễ cầu mùa, lễ cúng vào dịp đầu tháng Bảy Âm lịch hàng năm, tưởng nhớ công ơn của ông Hoàng Vần Thùng, người có công khai thiên, lập địa và giúp nhân dân trong vùng khai khẩn đất đai, đánh đuổi thú dữ, kẻ thù, giành lại cuộc sống bình yên. Không khí chuẩn bị cho lễ cúng rất tĩnh lặng, người dân cố gắng giữ sự yên ả, thanh tịnh ở khu vực miếu, tránh làm ảnh hưởng đến vị thần Hoàng Vần Thùng. Đây cũng là nét đặc trưng của Lễ cầu mùa của người Cờ Lao đỏ.

Thầy cúng sẽ tiến hành các nghi lễ cơ bản để cảm tạ Thần linh, trời đất và Tổ tiên năm trước đã ban cho mùa màng bội thu, đồng thời, cầu xin các vị Thần tiếp tục phù hộ cho mưa thuận, gió hòa, lúa ngô tươi tốt vào những mùa vụ sau.

Trong Lễ cầu mùa của người Cờ Lao đỏ có lễ cúng sống và lễ cúng chín với các con vật là lợn và gà.

Cúng sống: Là phần cúng đầu tiên, khi toàn thể dân làng cùng nhau mang lợn, gà và các loại lễ vật đến trước các ban thờ, trình báo về việc hôm nay tổ chức lễ cúng; đồng thời, thầy cúng tiến hành cắt tiết ngay tại trước các ban thờ, lấy một ít tiết quệt vào những tập giấy bản và vừa cúng, vừa vẩy lên các ban thờ để trình lễ, sau đó đem làm sạch lông cho vào nồi luộc để chuẩn bị lễ cúng chín.

Cúng chín: lễ vật được luộc chín mang về bày tại các ban thờ để thực hiện phần cúng chín. Sau khi thầy cúng mời các vị Thần về hưởng lễ và hoàn tất thủ tục cúng lễ, hóa vàng.

Ngoài các thủ tục cúng tại miếu, người ta còn cúng Thổ công, Thổ địa của cả làng. Bàn thờ Thổ công, Thổ địa được đặt tại một gốc cây to nhất ở giữa làng. Tại lễ cúng này thầy cúng phụ sẽ giúp Chủ lễ thực hiện các nội dung, quy trình gồm cúng sống và cúng chín).

Lễ cúng kết thúc, Chủ lễ cùng dân làng xem chân gà để đoán xem năm tới tốt hay xấu. Nếu chỉ dẫn tốt thì năm tới cả làng sẽ làm ăn thuận lợi, may mắn… Nếu xấu, dân làng phải làm lễ lại để xin các vị thần phù hộ cho dân bản được bình an.

Sau đó, Chủ lễ tiến hành hạ lễ và cùng bà con dân bản chế biến thành món ăn. Khi thức ăn đã chín người ta chia phần đều ra các chậu nhỏ, để phân ra các mâm, mọi người cùng nhau ăn uống, trò chuyện, chúc tụng nhau. Một số người hát các làn điệu dân ca góp vui trong sinh hoạt chung của cộng đồng. Cũng tại đây, các già làng, trưởng thôn hoặc thầy cúng phổ biến các quy ước, hương ước xây dựng làng, bản văn hóa và căn dặn bà con trong bản đoàn kết xây dựng bản làng.

Phần cúng riêng của các gia đình người Cờ Lao đỏ

Các gia đình cũng thực hiện lễ cúng sống và cúng chín. Lễ cúng có thể thực hiện tại nhà, trước bàn thờ Tổ tiên hay cúng ngay tại khu ruộng của gia đình, tự cúng hoặc nếu không biết cúng thì mời thầy về cúng. Gia đình chuẩn bị và kê một chiếc bàn vuông trước bàn thờ Tổ tiên để tiến hành làm lễ (không bày lễ vật lên bàn thờ Tổ tiên). Lễ vật gồm có: 02 con gà, 3 chén rượu, một ống hương, một nắm mạ, giấy bản, hương trầm. Thầy cúng khấn trình Tổ tiên, Thổ công, Thổ địa về chứng kiến việc làm lễ và trình các lễ vật dâng cúng. Sau đó, chủ nhà và thầy cúng cắt tiết gà, cho một ít vào giấy bản vẩy xung quanh đàn cúng, vừa vẩy, vừa lẩm nhẩm trình báo. Gà được mang đi làm sạch, luộc chín rồi mang về bày trên bàn trước Ban thờ Tổ tiên để thực hiện lễ cúng chín kính dâng lên Tổ tiên, các vị Thần về hưởng lễ, hóa vàng lễ cúng kết thúc. Sau đó, chủ nhà mang những nhánh mạ trên đàn cúng ra ruộng cấy với quan niệm bắt đầu gieo, trồng một vụ mùa mới, cầu cho cây lúa, hoa màu, vật nuôi... không bị sâu bệnh, không ốm đau, mọi sự đều được phát triển thịnh vượng, vụ mùa bội thu, con người khỏe mạnh

Lễ cầu mùa gắn liền với quá trình phát triển và tồn tại của cộng đồng người Lô Lô đỏ. Nghi lễ nhằm thỏa mãn nhu cầu tín ngưỡng của người dân, cầu cho một năm mới mùa màng bội thu, làm ăn thịnh vượng; đồng thời, cầu mong cho cả làng xua đi những vận đen, bệnh tật, có một cuộc sống no ấm, xóm làng bình yên, hạnh phúc. Nghi lễ giúp người dân cảm thấy yên tâm về tinh thần, sẵn sàng cho một vụ mùa mới. Tính cố kết cộng đồng cũng được phản ánh rõ nét trong Lễ cầu mùa thông qua việc cùng nhau đóng góp chuẩn bị các lễ vật dâng lên Hoàng Vần Thùng, cũng như góp sức, chuẩn bị và chế biến các món ăn truyền thống. Thực hành nghi lễ còn là dịp để mọi người gặp gỡ giao lưu, trao đổi tình cảm, cùng nhau sinh hoạt cộng đồng tạo nên sự đoàn kết gắn bó, đồng thời là môi trường giáo dục truyền thống cho thế hệ trẻ, cũng như bài cúng được truyền thụ cho thế hệ kế cận góp phần bảo tồn và phát huy được bản sắc văn hóa truyền thống của người Cờ Lao đỏ.

Với giá trị tiêu biểu, Lễ cầu mùa của người Cờ Lao đỏ được Bộ trưởng Bộ Văn hóa, Thể thao và Du lịch đưa vào Danh mục di sản văn hóa phi vật thể quốc gia theo Quyết định số 778/QĐ-BVHTTDL ngày 04/4/2022 ./.

Dương Anh

(Theo Hồ sơ tư liệu, Cục Di sản văn hóa)"
https://dsvh.gov.vn/nghe-thuat-che-bien-mon-an-chay-o-tay-ninh-3452,Nghệ thuật chế biến món ăn chay ở Tây Ninh,"Tây Ninh có 04 tôn giáo chính: Phật giáo, Thiên chúa giáo, Hồi giáo, Cao đài giáo. Hiện Tây Ninh có hơn 127 chùa, tịnh xá. Các chùa cúng chay quanh năm. Người theo đạo Phật thường ăn chay vào ngày 30, mùng 1, 14, 15 Âm lịch hàng tháng. Tây Ninh còn được được xem là cái nôi của đạo Cao Đài, ăn chay là một trong những điều lệ đối với tín đồ Cao Đài; họ ăn chay mỗi tháng 10 ngày (hay còn gọi là Thập trường), vào các ngày Âm lịch: mùng 1, 8, 14, 15, 18, 23, 24, 28, 29, 30 (nếu tháng thiếu ăn chay thêm ngày 27).

Như vậy, tôn giáo, tín ngưỡng của người dân Tây Ninh đã góp phần không nhỏ trong việc hình thành nét văn hóa ẩm thực chay rất riêng, phong phú và đa dạng. Trong nghệ thuật chế biến các món chay của Phật giáo và Cao Đài giáo có những chi tiết khác biệt, như: quá trình khử mùi và làm thơm các món ăn, những nghệ nhân chế biến các món chay thuộc Cao Đài giáo đã sử dụng hành, tỏi; đối với Phật giáo thì không được dùng các gia vị này; kỹ năng, tay nghề của nghệ nhân nấu món chay đạo Cao Đài được đánh giá cao với hình tượng các con vật như: chim phượng hoàng, gà, cá, tôm, thịt heo quay… trình bày công phu, đẹp mắt; các món chay của người theo đạo Phật thường giản dị trong cách trưng bày và chế biến.

Các món chay ở Tây Ninh đã tồn tại lâu đời. Nghệ thuật chế biến các món chay ở Tây Ninh không chỉ bó hẹp trong khuôn khổ của các tôn giáo Cao Đài, Phật giáo mà còn lan tỏa và hòa lẫn vào dòng ẩm thực dân gian, tạo nên nét đặc sắc của văn hóa ẩm thực vùng đất Tây Ninh; tô điểm thêm nhiều sắc thái cho đời sống văn hóa của cộng đồng dân cư nơi đây.

Người dân Tây Ninh từ thời khẩn hoang đã gắn bó và quen với lối sống ở rừng nên họ thành thạo trong việc tìm kiếm, sử dụng sản vật của rừng chế biến món chay như: măng, nhất là măng le, để nấu canh măng rừng và rau tập tàng vườn nhà; măng chua nấu canh, trộn gỏi; măng luộc…; các loại nấm, đặc biệt là nấm mối, nấm mèo và nấm tràm dùng để kho, nấu canh, nấu cháo (ăn với rau đắng) tạo vị ngọt thay cho thịt. Cháo chay là một trong những món thể hiện nghệ thuật ẩm thực chay Tây Ninh, vừa phong phú về sắc màu của các nguyên liệu, vừa có tác dụng cân bằng âm dương (ngọt - đắng, hàn - nhiệt), bổ dưỡng.

Rau rừng Tây Ninh rất phong phú về chủng loại và có đủ các vị (ngọt, đắng, chát, chua, cay), đủ các màu sắc (xanh, đỏ, trắng, tím, nâu…) kết hợp hài hoà với nhau. Rau rừng có thể dùng với bánh tráng phơi sương nổi tiếng của Trảng Bàng; với bánh xèo, bánh khọt chay (chế biến với măng rừng, giá đỗ, đậu xanh, nấm…) hay dùng như món rau sống trong bữa ăn hằng ngày. Các loại sản vật khác như lá bứa, lá giang (dùng để nấu canh chua) hay trái điều (nấu canh chua, kho với đậu hủ, làm mắm điều chay…) trái cà na, trái trám… đều có thể chế biến thành món chay.

Sản vật của sông thì có rau nhút, rau dừa, đọt lục bình non, bông điên điển, sen, súng… làm gỏi hoặc nấu canh chua cùng trái bần mọc ven sông. Sen làm những món chay, đặc biệt là cơm ngũ sắc (cơm hạt sen) với nguyên liệu chính là hạt sen - nước dừa, cơm được gói trong lá sen và trưng bày trên đĩa với hoa sen. Cạnh các bờ sông, ven suối còn có rất nhiều loại rau như: rau chiếc, rau sơn, rau lụa, so đũa, quả bình bát… dùng để chế biến rất nhiều món chay. Ðặc biệt nhất là rau móp sông chỉ có ở vùng đất Trảng Bàng; rau này sau khi làm chua, chế biến thành món gỏi ăn với cơm và tàu hủ kho.

Hiện nay, số người ăn chay ở Tây Ninh rất đông. Thực phẩm địa phương để chế biến các món chay rất phong phú, từ các sản vật đặc trưng đến các thực phẩm thông thường như: đậu hũ, đậu hũ ki non, nấm rơm, nấm đông cô, nấm bào ngư, nấm dai, bắp chuối, trái chuối, các lọai khoai, bột mì, bột gạo, các lọai rau cải, quả, muối, nước tương, các loại rau nêm và các gia vị khác… Từ việc ăn chay thường xuyên, người Tây Ninh đã sáng tạo, biến tấu những món rau, củ, quả trong vườn nhà trở thành những món chay giản đơn nhưng cực kỳ hấp dẫn, lạ miệng. Các nghệ nhân ẩm thực chay có thể sáng tạo và trình bày món ăn thành các tác phẩm nghệ thuật. Có thể khái quát các món chay đặc sắc của riêng Tây Ninh qua các nhóm sau:

- Các món chay được chế biến từ cây chuối:

Chuối núi Tây Ninh, ngon nhất là chuối sứ tiêu núi Bà Đen, với các món chay nổi tiếng như:

+ Món cá cơm: làm từ bông đem luộc mềm, vớt ra cho ráo nước, rút bỏ phần nhụy cứng và trộn với bột mì: 1kg bông chuối rắc 3 lớp bột mì (mỗi lần trộn đều phải xảo cho bột rớt xuống). Chảo dầu đun nóng, cho một lượng bông chuối vào chiên với lửa nhỏ (để bông chuối có màu vàng đẹp mắt và đảm bảo độ giòn); bông chuối sau khi được chiên giòn vàng ươm thì vớt ra để vào rổ cho ráo dầu. Tiếp theo là công đoạn kho cá cơm: đặt chảo dầu lên bếp, đun dầu nóng, khử hành tím cho thơm rồi cho ít nước mắm đậu nành, đường, bột ngọt, tiêu. Món cá cơm để lâu một vài tháng dùng vẫn ngon (do đã qua 2 lần chế biến là chiên và kho), đặc biệt là khi dùng cùng cơm nóng hoặc với bánh Tét.

+ Cua lăn bột: được làm từ bẹ chuối xắt mỏng, ngâm nước chanh vắt (nhằm giảm bớt độ chát và chuối không bị thâm). Bột chiên giòn khuấy sệt, nêm chút gia vị, cốm dẹp và bỏ chuối vào trộn đều. Làm nóng chảo dầu, bỏ chuối vào chiên, để lửa nhỏ đến khi chuối giòn vàng ươm và vớt ra dùng với tương ớt.

+ Gà xé phay: Bắp chuối lấy phần lõi non, luộc chín (khi luộc cho vào một ít dấm để làm trắng) vớt ra, vắt ráo nước, xé nhỏ. Tàu hũ ky non chiên vàng và cắt thành sợi nhỏ, rau câu ngâm cắt khúc. Trộn đều cho thấm hỗn hợp: chuối, tàu hủ ky, rau câu, củ kiệu đã xé nhuyễn, củ hành tây thái mỏng với chanh và gia vị rồi để khoảng 15 phút cho ra dĩa, điểm thêm vài miếng ớt xắt khoanh, một ít rau răm phủ lên trên. Món Gà xé phay có vị hơi chát, hơi chua ngọt và mùi thơm nồng của hành…, có tác dụng kích thích tiêu hóa, dùng với bánh phồng tôm.

- Các món chay được chế biến từ trái mít : mít kho sả, thịt kho tàu, khô bò, mít lăn bột, mít luộc, mít xé phay, mít chua, mít xào…

+ Thịt kho tàu: Mít non làm thịt, bỏ vỏ, xắt cục, rửa sạch để ráo nước (không dùng mít ướt vì xớ thịt sẽ bị nhão, ăn không ngon). Chiên mít cho vàng, ướp gia vị để độ 1 giờ cho thấm. Bắc lên bếp kho với nước dừa tươi. Rau câu được nấu, nêm gia vị, đổ vào vỏ trứng vịt (đã rửa sạch) làm lòng trắng, khoai lang tây hoặc đậu xanh nấu chín, xay hoặc tán nhuyễn đổ tiếp vào làm lòng đỏ. Đun thịt chín mềm thì cho trứng vào. Thịt kho tàu chay có vị mặn vừa, béo, bùi của mít hòa với vị thơm ngọt của nước dừa, dùng với cơm nóng kèm dưa chua.

+ Mít kho sả: Mít non luộc cắt bỏ bớt phần cùi mít, xắt cục khoảng 2cm. Ướp mít khoảng 15 phút với gia vị, sả. Đặt chảo lên bếp, chảo nóng cho một ít dầu, phi vàng tỏi hoặc hành tím; xào sả, nghệ cho vàng đều, cho mít đã ướp gia vị vào. Xào đều tay đến khi mít khô là dùng được.

+ Ðặc sắc nhất là món Mít tẩm bột chiên giòn (làm từ sơ và nhân mít, cũng có thể thay bằng trái sa kê, trồng nhiều ở khuôn viên các chùa).

- Món chay chế biến từ trái đu đủ và bưởi : gỏi đu đủ, canh đu đủ nấu nấm, mắm chay đu đủ…, đặc biệt là món Nem chay Tây Ninh.

Nem chay làm từ vỏ bưởi lạng bỏ phần vỏ the bên ngoài, thái mỏng và ngâm nước độ 1 giờ. Để làm cho bớt vị the, vỏ bưởi phải được nhồi, xả nước nhiều lần, sau đó cho vào máy ép khô, có thể ép nhiều lần. Quả khế mài, lược bỏ hột, trộn đều nước khế với vỏ bưởi đem hấp cách thủy để thành bột bưởi (phải trộn thật đều, nếu vỏ bưởi không thấm nước khế, vỏ bưởi sẽ không thành bột, vì vậy khi quết bột sẽ không nhuyễn, không mịn, nem không ngon). Bột bưởi cho ra thau, nêm nếm gia vị (muối, đường, tiêu, bột ngọt) và một ít màu điều hoặc màu gạch tôm cho nem có màu đẹp. Đu đủ gọt vỏ, bỏ hột, bào sợi, ngâm, xả nhiều nước cho sạch mủ, bỏ vào bàn ép khô (cứ 200kg đu đủ tươi bào cho ra 20kg đu đủ sợi tươi, sau ép khô còn lại 1kg sợi khô), đem phơi nắng (phải là nắng tốt, nếu không đu đủ sẽ bị hư); tiếp theo là trộn đu đủ khô với bột bưởi đã nêm gia vị. Nem được gói thành nhiều loại: nem đòn, nem chiếc, nem trần, nem tôm. Nem đòn được gọi như bánh tử, dùng trong đám tiệc. Nem chiếc gói gọn trong lá vông non, lá chuối gói bên ngoài, buộc dây. Nem trần hay nem tôm gói trong lá và lớp nylon mỏng.

- Các món chay chế biến từ đậu nành:

Với diện tích trồng đậu lớn, cung cấp nguyên liệu cho việc chế biến dầu ăn, nước tương, tương hột, đậu phụ (tàu hũ), tàu hũ ky để dùng làm các món chay. Trong đó, tàu hũ ky được xem là nguyên liệu chính để chế biến nhiều món ăn chay như: bồ câu quay, tôm kho tàu, cá chiên xù, thịt heo quay, vịt tiềm, gà nấu đậu, gà ấp trứng, chả đuôi phụng….

Chao Tây Ninh là một loại đậu phụ lên men được chế biến từ những hạt đậu nành giàu chất đạm với muối, ớt, nước, rượu, bột ngọt, có giá trị dinh dưỡng cao.

Mắm đậu được chế biến từ chất liệu chính là đậu nành gồm: mắm chưng, mắm lóc, mắm ruốc… Đậu được ngâm nước cho mềm, xả sạch, nấu chín. Đổ đậu ra nia, dùng ni lông trải kín mặt, ủ độ 12 giờ. Đổ đậu ra thau và trộn với muối cho đều (cứ 100kg đậu trộn với 100g muối) dùng cối đá để quết cho thật nhuyễn. Bỏ đậu đã quết vào hũ, gài kín, không để không khí vào làm hư mắm, ủ độ 5 ngày là dùng được.

- Các loại mắm chay : mắm kho, mắm thái, mắm chưng, dưa mắm…được làm từ rau quả, củ, đậu hũ….; đặc biệt hơn là mắm điều - làm từ trái điều được muối từ hàng tháng trời, đem chế biến thành những món thật đặc biệt như mắm điều trộn ớt, hay mắm điều xào nước cốt dừa béo thơm, đậm vị mà chỉ vào những dịp giỗ mới mang ra đãi bà con, hàng xóm.

- Các món chay trong đám tang, đám tiệc, ngày Tết và lễ hội:

+ Tại Tây Ninh, đám tang làm món chay khá phổ biến với mong muốn linh hồn được siêu thoát. Người nấu chay đám tang kiêng không dùng các loại dây leo, bó buộc như bún, hủ tiếu, dưa leo, mướp… vì theo quan niệm dân gian việc này sẽ làm cho người chết quyến luyến, khó siêu thoát. Hay trong những ngày giỗ, để tưởng nhớ những người đã mất, các món ăn được nấu phong phú hơn, trang trí đẹp hơn.

+ Trong tiệc cưới hay lễ hội, cỗ chay được nâng lên mức nghệ thuật với cách chế biến công phu, trình bày mang tính nghệ thuật, là sự kết hợp của 5 vị: vị chua (là hành Mộc), vị cay (là hành Kim), vị mặn (là hành Thủy), vị đắng (là hành Hỏa), vị ngọt (là hành Thổ)…

Đặc biệt, trong các nghi lễ của đạo Cao đài, các món chay được chuẩn bị phong phú, hương vị đậm đà, nghệ thuật trình bày khá tinh xảo, thể hiện rõ nhất trong Hội Yến Diêu Trì Cung - một lễ hội văn hóa của đạo Cao đài được tổ chức vào rằm tháng Tám hàng năm trong khuôn viên Nội ô Tòa thánh. Trong lễ hội, Ban Tổ chức đã nấu hàng chục ngàn suất ăn chay miễn phí cho khách hành hương suốt 3 ngày (từ ngày 13 đến ngày 15 tháng Tám âm lịch), gồm các món tiêu biểu: lẩu chua chay, các loại mắm chay, bó xổ kho, tàu hũ ki chiên giòn, tàu hũ kho với nấm rơm, mít kho sả… và món cơm (hoặc bún) ăn với mắm, để tưởng nhớ công ơn của trời đất, nuôi sống vạn vật. Chiều ngày 15 tháng Tám là tiệc chay lớn để thết đãi quan khách, do các nghệ nhân chuyên nấu chay, có chức sắc, phẩm vị thực hiện.

+ Vào những ngày Tết cổ truyền, nhiều gia đình ở Tây Ninh cúng món chay để cầu mong cho gia đình được bình an, hạnh phúc. Mâm cỗ tết chay (được coi trọng nhất là mâm cơm cúng mùng một tết) được thực hiện rất cầu kỳ, công phu, đẹp mắt và nhiều món ngon hơn hẳn ngày thường.

Ẩm thực chay Tây Ninh ra đời gắn liền với thời kỳ khẩn hoang khi cuộc sống khó khăn, thực phẩm khan hiếm; đáp ứng nhu cầu tâm linh, tín ngưỡng, giữ gìn sức khỏe, vóc dáng… của người dân. Nghệ thuật chế biến và trình bày các món chay thể hiện sự sáng tạo, kế thừa của nghệ nhân, tạo nên một món ăn bổ dưỡng, một tác phẩm sinh động, khơi gợi tình yêu thiên nhiên của người thưởng thức, hướng con người đến những điều thiện lành. Về mặt tâm linh, ăn chay là một trong những cách rèn luyện bản thân để hướng đến những giá trị nhân bản của cuộc sống. Mọi người ăn chay để thành tâm hướng thiện, để cầu an và giữ cho mình một tâm hồn thanh tịnh giữa cuộc sống ồn ào, náo nhiệt. Ẩm thực chay góp phần bảo vệ thiên nhiên, hướng con người đến các hoạt động hài hòa với thiên nhiên, đến gần với các giá trị chân, thiện, mỹ. Nghệ thuật ẩm thực chay Tây Ninh với các quán ăn, hệ thống nhà hàng chay, chợ bán đồ chay góp phần phát triển kinh tế địa phương, thu hút và giới thiệu văn hóa đến du khách thập phương.

Với giá trị tiêu biểu, Nghệ thuật chế biến món ăn chay ở Tây Ninh được Bộ trưởng Bộ Văn hóa, Thể thao và Du lịch đưa vào Danh mục di sản văn hóa phi vật thể quốc gia theo Quyết định số 75/QĐ-BVHTTDL ngày 12/01/2022 ./.

Dương Anh

(Theo Hồ sơ tư liệu, Cục Di sản văn hóa)"
https://dsvh.gov.vn/nghe-thuat-mua-khen-cua-nguoi-mong-3453,Nghệ thuật múa Khèn của người Mông,"Khèn (tiếng Mông gọi là Khềnh, Kềnh, Kỳ) là nhạc khí thiêng, kết nối giữa cõi trần và thế giới tâm linh của người Mông. Người Mông ở Điện Biên vẫn kể cho nhau nghe về sự tích ra đời của cây khèn, từ việc 6 anh em nhớ cha, làm sáo thổi cho cha nghe, đến lúc không thổi được nữa thì người em út gộp cả 6 cây sáo vào với nhau thành cây khèn như ngày nay.

Việc chế tác, diễn tấu khèn được người Mông coi là chuẩn mực đánh giá phẩm chất, tài năng của các chàng trai. Cùng với thầy cúng, thợ rèn, người làm khèn Mông - thầy khèn luôn được cộng đồng kính trọng. Điều đó đã khẳng định vị trí của cây khèn trong đời sống của người Mông.

Các công đoạn chế tác khèn đều rất quan trọng, mỗi khâu đều đòi hỏi sự tỷ mỷ, kiên trì và khéo léo của người làm, điều này quyết định đến chất lượng, hình dáng, độ bền, đẹp của Khèn. Dụng cụ chế tác khèn gồm: 02 con dao mũi nhọn dùng để cắt, gọt, tỉa và khoét lỗ; 01 con dao lưỡi cong hình lưỡi liềm, có tay cầm hai đầu dùng để bào, gọt thân khèn; 02 đục dùng để khoét thân khèn; đe, búa; 01 dùi sắt dài dùng để thông ống khèn; bộ đồ nấu đồng và khuôn đúc đồng; cục đá mài; kẹp sắt; kéo.

Cây khèn của người Mông được chia thành 2 phần chính: Thân khèn (gồm ống thổi khèn, bầu khèn và đuôi khèn) và ống khèn. Trong mỗi bộ phận chính của khèn còn có nhiều chi tiết như: lỗ thổi - hít, dây đai khèn, lỗ tạo âm, lam khèn (lưỡi gà), lỗ chỉnh âm... Vì vậy, việc chế tác khèn cũng thực hiện theo từng bộ phận.

Chọn gỗ và làm thân khèn: Người Mông thường chọn gỗ Pơ mu để làm thân khèn (Cáng khềnh), có mùi thơm, dẻo, nhẹ, không cong vênh, nứt gãy và không hút ẩm nên rất bền. Gỗ Pơ mu sau khi được xẻ thành miếng phù hợp, để khô được người làm khèn đẽo thô thành hình thân khèn, bào gọt cho bóng, nhẵn. Khi có được thân khèn vừa ý, người làm khèn khéo léo dùng dao tách dọc thân khèn làm hai phần bằng nhau, khoét hai nửa thân khèn thành lòng máng rồi ghép lại với nhau.

Việc khoét lỗ trên thân khèn cũng được thực hiện rất cẩn thận, lỗ đầu tiên được khoét giành cho ống to nhất và ngắn nhất (Tý lùa). Khi làm xong ống to nhất, ngắn nhất, dùng đầu ống tỳ mạnh lên phần bầu khèn tạo nên vết đánh dấu ở vị trí phù hợp, thường dựa vào kinh nghiệm của người chế tác sao cho không quá vào trong hoặc ra ngoài mép và không ảnh hưởng đến vị trí các lỗ còn lại, đồng thời, đảm bảo lỗ khoét vừa vặn với ống khèn, không bị hở hơi. Tiếp theo, dùng dao nhỏ, nhọn đầu khoét cho vòng tròn xuyên qua bầu, lấy ống đã đo xuyên thử qua lỗ khi đã đạt chuẩn khít thì được, rút ống và tiếp tục làm như vậy với 5 ống còn lại.

Làm Đai cố định khèn (thi khềnh) từ vỏ cây đào rừng, đã được để khô và bào mỏng (người Mông gọi là Tớ rờ). Sau quá trình sơ chế, người thợ lấy mũi dao nhỏ đục một lỗ hình tam giác vào chỗ cần làm đai giữ thân, đánh dấu đầu còn lại để cắt khóa ngang khi luồn vào hình tam giác thành vòng đai để lồng vào thân khèn, dịch chuyển vòng đai đúng chỗ cho chắc.

Làm Ống khèn (tý khềnh) bằng cây nứa (loại nứa có măng ngọt), lấy về luộc chín, sau đó phơi nắng hoặc để gác bếp cho khô mới đem ra dùng. Mỗi cây khèn sẽ có sáu ống khèn (một ống to, năm ống nhỏ) với hình dáng và độ dài khác nhau được gắn xuyên qua các lỗ tương ứng đã khoét sẵn trên bầu khèn, phần xuyên qua phía sau bầu khèn của các ống là bằng nhau, phần chính phía trước bầu khèn sẽ có độ dài khác nhau, gồm các ống (tính theo độ dài tăng dần): Tý lua (là ống to, thẳng và ngắn nhất), tiếp đến là ống tý ty, ống tý trù, ống tý bồ ca, ống tý trù ca và ống tý bồ (ống dài nhất). Các ống nhỏ được hơ vào lửa cho nóng, mềm, sau đó uốn cong lắp vào bầu khèn, phần ống đuôi các ống phải thẳng, đều, phần trước cong lên tạo dáng mềm mại cho cây khèn.

Người Mông ở Điện Biên thường phân loại khèn thành 2 loại: loại lớn có kích thước hơn 5 gang tay của người chế tác; loại nhỏ có kích thước 3 gang tay. Ống Tý lua có độ dài bằng 1/2 ống Tý bồ. Ống Tý ty bằng độ dài ống to nhất cộng thêm một gang tay to (tính từ đầu ngón cái đến đầu ngón giữa) nếu là khèn to, cộng thêm một gang tay nhỏ (tính từ đầu ngón cái đến đầu ngón trỏ) nếu là khèn nhỏ. Ống Tý chù có độ dài bằng ống Tý ty cộng với độ dài phần đuôi của các ống thò qua bầu khèn. Ống Tý bồ có độ dài bằng độ dài ống Tý chù cộng thêm 1/2 gang tay to hoặc gang tay nhỏ. Ống Tý chù bằng độ dài của ống Tý bồ cộng thêm 1/2 gang tay to hoặc gang tay nhỏ. Ống Tý bồ là ống nhỏ, dài nhất, có độ dài gấp đôi ống Tý lua.

Trước khi được gắn vào bầu khèn, từng ống khèn đã được người làm khèn chế tác thành từng cây sáo độc lập, có một quãng độ âm thanh trầm bổng khác nhau, được ghép thành khèn. Âm thanh từ mỗi ống khèn có ý nghĩa quyết định đến chất lượng âm thanh, để có được âm thanh như ý thì việc chế tác và lắp lam khèn (lưỡi gà) trên mỗi ống khèn cực kỳ quan trọng. Vị trí lắp lam khèn sẽ được đặt hoàn toàn bên trong bầu khèn, khi thổi, bầu khèn là nơi chuyền hơi từ người thổi cùng lúc đến các ống khèn tạo nên âm thanh tổng hòa của khèn. Bên cạnh đó, trên mỗi ống khèn lại được khoét thêm một lỗ nhỏ phù hợp với vị trí cầm, điều khiển khèn cũng như điều chỉnh âm thanh cho từng bài khèn khác nhau.

Đúc đồng và lam khèn (lưỡi gà): Để có được lam khèn tốt, người chế tác phải tự nấu đồng và đúc đồng từ những dạng nguyên liệu thô thành những miếng đồng vừa ý, sau đó rèn thành những lá đồng mỏng, khi tung nhẹ lá đồng lên không trung nếu thấy lá đồng rung đều, phát ra âm thanh trong sáng, vang rền là có thể cắt dùng làm lam khèn. Người chế tác khèn lắp các ống sáo vào thân khèn, đánh dấu vị trí để khoét lỗ đặt lam khèn. Dùng kéo cắt một lát đồng đã được đúc sẵn, dài khoảng 25 cm, rộng khoảng 1cm, sau đó dùng búa, đe để tán mỏng, đút thanh đồng vào tro nóng, rồi lại mang ra tán, cứ tán như thế đến khi thanh đồng mỏng như ý muốn. Thử thanh đồng bằng cách dùng hai ngón tay bật thanh đồng xuống nền nhà, nghe độ vang của thanh đồng khi văng xuống đất. Sau đó đo lá đồng vào từng vị trí, lấy kéo cắt đoạn nhỏ vừa với lỗ khoét trên ống khèn, miếng lam khèn được cắt xẻ thành hình giống như lưỡi gà được cài thử vào vị trí đã được khoét trên ống, được người chế tác thử nhiều lần và chỉnh sửa đến âm thanh vừa ý, đạt chuẩn thì sẽ được lắp cố định vào ống khèn và xuyên vào bầu khèn.

Thời gian để chế tác, lắp ráp các bộ phận, thử và chỉnh sửa âm thanh, hoàn thiện một cây khèn, không tính thời gian chuẩn bị, sơ chế các nguyên vật liệu cũng mất nhiều ngày, tùy vào kỹ năng của người làm, có thể mất từ 3 đến 7 ngày liên tục. Quá trình này đòi hỏi người làm phải thành thạo rất nhiều thao tác kỹ thuật, khả năng cảm thụ âm thanh tinh tế, con mắt thẩm mỹ và tỉ mỉ, cẩn trọng.

Khèn Mông vừa là một loại nhạc cụ thuộc bộ hơi, đồng thời cũng là đạo cụ múa. Cách thổi: ngón cái ống to; ngón trỏ ống 2; ngón giữa ống 3; ngón 4 và ngón út giữ cây khèn. Các ngón tùy theo bài để bịt và nhả. Đối với Khèn Mông khi ngón bịt lỗ âm mới kêu, bỏ ngón ra không kêu. Khi thổi, âm thổi ra hít vào đều được, khèn không thổi được những giai điệu nhanh, chỉ thổi tốc độ vừa phải.

Khèn Mông giữ vai trò đặc biệt quan trọng trong tín ngưỡng của người Mông, điều này thể hiện qua đám tang của họ. Khi trong làng có người qua đời, chủ nhà thường mời các thầy khèn có uy tín, hiểu nhiều, biết rộng đến giúp. Trong mỗi đám tang, gia đình tang chủ có thể mời hai hoặc bốn thầy khèn, vai trò như thầy cúng và các nghi lễ đều được thực hành thông qua tiếng khèn.

Tùy vào thời gian diễn ra đám tang mà các nghệ nhân thổi những bài khèn khác nhau, với các giai điệu trầm, chậm, chân bước chậm nhẹ nhàng, vòng qua vòng lại tại chỗ. Họ có thể thổi khèn theo giờ (giờ ăn cơm trưa và tối), liên tục từ hai đến bốn ngày. Một bài khèn kéo dài từ 15 - 30 phút, người Mông ở Điện Biên thường thổi các bài khèn chính sau:

Kềnh “tu sía” (Khèn tắt hơi thở) có nhiều đoạn, đoạn đầu tiên hỏi người chết đã chết thật chưa, sau đó sẽ chỉ dẫn cho người chết về với tổ tiên, đồng thời thông báo ma nhà biết về người vừa mất, thể hiện tình cảm xót thương của gia đình.

Kềnh “Cha nềnh” (lên ngựa, nhập quan) để chỉ cách lên ngựa, chuẩn bị lên đường về với tổ tiên.

Kềnh “cho chia” (Bàn giao con vật nuôi) để cho con vật đi cùng làm bầu bạn ở thế giới bên kia. Nếu người chết còn trẻ, chưa có con cái thì nghi thức tổ chức đám nhỏ, do đó sau khi nhập quan là bàn giao vật nuôi. Nếu người chết lớn tuổi, có con cái, dâu rể thì bài này sẽ thổi lại lần nữa sau khi đã bàn giao vàng bạc, vì người nhà sẽ cho vật nuôi to (bò, trâu).

Kềnh tầu súa (khèn chống giặc), lúc đầu thầy thổi khèn ở trong nhà, sau liên tục đổi hướng về các lối ra vào trong nhà. Một người đàn ông khỏe mạnh cầm một chiếc nỏ đi trước, Thầy khèn đi sau ra ngoài thổi và đi xung quanh nhà, 7 vòng hay 9 vòng tùy vào từng dòng họ.

Kềnh “nào sài/nào su/nào mo” (bài ăn sáng/trưa/tối) được thổi để thông báo cũng như mời người chết ăn. Bài có nội dung như nhau, chỉ khác từ “sáng/trưa/tối”.

Kềnh “châu xú kềnh/ua háu khua chầu” (Bài tạ ơn khách đến viếng) để cám ơn khách đến viếng, cho của cải, tiền bạc.

Kềnh “lớ tớ” (bàn giao vàng bạc) là bài khèn bàn giao vàng bạc của gia đình, của khách đến viếng cho người chết, vừa thổi, vừa đốt vàng mã. Đường đi gặp tổ tiên rất dài và gian nan, vất vả, người chết cần có tiền để sử dụng; đến nơi cũng phải có tiền để mua ngựa cưỡi, trâu cày...

Kềnh “chênh tổng tu tuag” (chuẩn bị đưa tiễn) để thông báo cho người chết về việc chuẩn bị lên đường về với tổ tiên, dặn dò người chết đi đúng đường để trở thành người tốt, dặn dò con ngựa của người chết đưa người chết đi đúng đường về với tổ tiên. Làn điệu này được thổi trong nhà, lúc chuẩn bị đưa người chết ra khỏi nhà, người thổi đi xung quanh trống, hướng về người chết, hướng ra cửa chính, quay về nhảy quanh trống.

Kềnh “Chênh tổng đa và chê” (đưa tiễn người chết) để thông báo cho ma nhà, xử ka, ma cửa, ma bếp... về việc sẽ đưa tiễn người chết đi, các loại ma nhà không sợ hãi, đồng thời né tránh dọn đường.

Kềnh “phi nềnh tở” (tiễn đưa người chết đi chôn cất). Thầy khèn dẫn đường đi trước cùng với 1 người cầm thanh củi đang cháy để chỉ dẫn đường, đi được một đoạn người cầm thanh củi và thầy khèn sẽ làm lý giấu dấu vết. Sau đó đoàn người tiếp tục đưa tiễn người chết đi chôn, kết thúc bài khèn trong đám tang.

Ngoài ra, trong đám tang thầy khèn còn thổi các bài như: Kềnh tò khua (đón khách), Kềnh ua khua (giao lễ vật của khách), khèn xin rượu, xin nước…

Người Mông còn có các bài khèn khi làm giỗ, làm ma khô. Sau khi chôn cất người chết được 13 ngày trở lên, gia đình chuẩn bị đủ sẽ tổ chức lễ siêu thoát (ma khô) cho người chết. Tại nghi lễ này, thầy khèn sẽ thổi bài Kềnh tro p’lì (lễ siêu thoát/ma khô) mời gọi hồn vía người chết về nhà để làm lễ siêu thoát linh hồn cho người chết về với thế giới bên kia được yên ổn, không lưu luyến, vương vấn nơi trần thế. Người mất nhưng vẫn phù hộ cho con cái nên khi có điều kiện, gia đình sẽ làm lễ tạ ơn bố, mẹ, những người đã khuất với lễ vật là một con bò, mời thầy khèn thổi bài Kềnh nhủ đăng (ma bò).

Trong các sinh hoạt khác của người Mông, chiếc khèn đã trở thành một phương tiện để người Mông chuyển tải những nỗi niềm, tâm tư vui buồn trong cuộc sống với các bài khèn như: Bài khèn mồ côi vợ/ chồng; bài khèn không có anh em, người thân; bài khèn mừng năm mới.

Trong các sinh hoạt văn hóa, thổi Khèn đi đôi với các vũ đạo múa. Khèn không chỉ múa một người, mà có thể nhiều người múa khèn cùng nhau bằng các động tác xoay, lộn, đá chân rất đều, đẹp và khỏe khoắn, phù hợp với giai điệu của khèn. Trong múa khèn của người Mông các động tác, tư thế được sáng tạo một cách ngẫu hứng, thăng hoa. Động tác múa khèn rất đa dạng, phong phú, gồm: múa nhảy đưa chân, quay đổi chỗ, quay tại chỗ, vờn khèn, lăn nghiêng, lăn ngửa, múa ngồi xổm, đi tiến, đi lùi theo bốn hướng, mỗi bước tiến, lùi làm sao chỉ để chân này chạm gót chân kia. Động tác cơ bản là khom lưng, quay hất gót tại chỗ và quay hất gót di động trên vòng quay lớn rồi thu hẹp dần theo hình xoắn ốc…, với tốc độ nhanh, điêu luyện. Múa khèn mô phỏng các bước nhẩy khéo léo của trò chọi gà, động tác xua đuổi thú dữ, hành động chống lại sự xâm chiếm của các tộc người khác, với nhiều động tác khỏe mạnh, đẹp mắt. Hình thức tạo hình trong múa khèn luôn chuyển động thành nhiều tư thế đẹp, cân đối và vững chắc, có thể trọng lượng dồn lên hai chân hoặc một chân song động tác luôn mở, thể hiện sức mạnh, tài khéo léo của các chàng trai

Khèn hiện hữu trong mọi hoàn cảnh sống của người Mông, tuy vậy, việc học thổi khèn Mông rất khó, dù học nhiều cũng khó có thể am hiểu hết được những giai điệu của khèn. Để trở thành một người thổi khèn giỏi, người con trai Mông phải tập khèn từ lúc tuổi còn rất nhỏ, phải có quá trình rèn luyện để có thân hình khỏe, mềm dẻo, nhịp nhàng, nhưng quan trọng hơn cả là cách lấy hơi, rèn khí để hơi được sâu, được dài. Người thổi khèn có tài, không chỉ ở chỗ thổi luyến láy, tô điểm nốt nhạc khèn cơ bản mà còn phải biết thổi nhiều điệu khèn khác.

Khèn là nhạc cụ độc đáo thể hiện tâm linh, tín ngưỡng truyền thống và là vật linh thiêng trong các nghi lễ của người Mông. Trong đám tang, các bài khèn và múa khèn thể hiện lòng tiếc thương của con cháu đối với người đã khuất, nhắc nhở con cháu nhớ về công lao của người đã khuất, về cội nguồn dân tộc. Múa và thổi khèn trong đám ma vừa thể hiện tính nhân văn, vừa thể hiện tính nghệ thuật, không chỉ cho người Mông niềm tin vào cuộc sống mà còn thỏa mãn những nhu cầu tâm linh của họ. Chế tác và diễn xướng các bài khèn góp phần bảo tồn và phát huy giá trị di sản của người Mông trong đời sống hiện nay. Khèn trong sinh hoạt văn hóa góp phần thỏa mãn nhu cầu tinh thần của người Mông, được thể hiện tài năng, bày tỏ tình cảm… với cộng đồng. Nghệ thuật trình diễn khèn được sáng tạo một cách ngẫu hứng, thăng hoa mang đậm bản sắc văn hóa dân gian Mông. Người múa thể hiện cảm xúc sáng tạo nội tâm mạnh mẽ.

Với giá trị tiêu biểu, Nghệ thuật múa khèn của người Mông được Bộ trưởng Bộ Văn hóa, Thể thao và Du lịch đưa vào Danh mục di sản văn hóa phi vật thể quốc gia theo Quyết định số 65/QĐ-BVHTTDL ngày 12 /01/2022./.

Dương Anh

(Theo Hồ sơ tư liệu, Cục Di sản văn hóa)"
https://dsvh.gov.vn/le-hoi-dinh-thay-thim-3454,Lễ hội dinh Thầy Thím,"Dinh Thầy Thím tọa lạc giữa khu rừng dầu Bàu Cái, thuộc thôn Tam Tân, xã Tân Tiến, thị xã La Gi, tỉnh Bình Thuận. Sự tích Thầy Thím được lưu truyền trong dân gian, là 2 vợ chồng đạo sĩ tài đức, giàu lòng nhân ái, có nhiều công lao cứu giúp người dân nghèo trong cuộc sống. Sau khi họ qua đời, nhân dân địa phương không biết họ tên nên kính cẩn gọi là Thầy và Thím. Để ghi tạc công ơn của họ, nhân dân địa phương đã lập dinh thờ Thầy Thím tại khu rừng Bàu Cái.

Quần thể di tích dinh Thầy Thím tọa lạc ở hai khu vực: Khu dinh thờ Thầy Thím tại rừng Bàu Cái và khu mộ Thầy Thím ở rừng Bàu Thông. Khu mộ cách dinh thờ khoảng 3km về phía Tây gồm có: Mộ Thầy, Thím, mộ đôi bạch hổ và Điện thờ Thầy Thím.

Dinh Thầy Thím thuở ban đầu được tạo dựng bằng tranh lá đơn sơ, sau được người dân địa phương đóng góp công sức để tôn tạo lại khang trang và bề thế. Căn cứ vào truyền thuyết và những dòng văn tự Hán - Nôm cổ chạm khắc trên thanh xà cò ở Chính điện “Kỷ Mão niên thập nhị nguyệt nhị thập ngũ nhật cấu tạo”, có thể xác định niên đại tôn tạo dinh vào ngày 25/12/1879 (năm Tự Đức thứ 32).

Hàng năm, tại dinh Thầy Thím tổ chức hai kỳ lễ: Lễ Tảo mộ Thầy Thím diễn ra vào ngày 05 tháng Giêng và Lễ giỗ Thầy Thím diễn ra từ ngày 14 - 16 tháng Chín Âm lịch. Lễ giỗ được coi là Lễ hội chính với nhiều nghi lễ truyền thống.

Trước lễ hội, Ban Quản lý di tích họp bàn thống nhất kế hoạch, chương trình, huy động nguồn lực đóng góp của các tổ chức, cá nhân để phục vụ Lễ hội và bầu chọn ra Ban Tế tự để thực hiện các nghi lễ trong Lễ hội. Người dân trong làng cùng tập trung về dinh và mộ Thầy Thím để quét dọn trong ngoài, lau chùi, sửa soạn các khám thờ, đồ tế tự sạch sẽ, tươm tất và mua sắm những loại lễ vật cần thiết theo tập tục truyền thống. Bên trong khuôn viên dinh và mộ trang trí các loại cờ lễ (cờ đại, cờ trung và cờ tiểu).

Các nghi lễ trong Lễ hội đều do Ban Tế tự của dinh thực hiện. Theo truyền thống, Ban Tế tự là những người do dân làng chọn ra, có uy tín, đạo đức, gia đình hòa thuận, gương mẫu, không có tang chế, am hiểu về tập tục và các lễ nghi liên quan đến tín ngưỡng dân gian truyền thống của cộng đồng.

Lễ vật dâng cúng Thầy Thím, ông bà, tổ tiên trong Lễ hội dinh Thầy Thím gồm những sản vật gắn với sản xuất nông nghiệp của người dân địa phương, trong đó phải có 01 con heo toàn sắc để dâng tế Thần linh. Trước năm 1975, con heo này phải đặt trước cho 01 gia đình có cuộc sống hòa thuận, uy tín với dân làng, không vướng tang chế… chăn nuôi từ nhỏ hết sức cẩn trọng. Tuy nhiên, sau năm 1975 đến nay, tập tục này không còn, trước khi Lễ hội diễn ra khoảng 01 - 02 tháng, Ban Quản lý dinh Thầy Thím mới tiến hành liên hệ, tìm kiếm, lựa chọn con heo toàn sắc đảm bảo tiêu chuẩn theo quy định để dâng tế Thần linh.

Lễ hội dinh Thầy Thím diễn ra với nhiều nghi lễ như: Nghinh Thần, Nhập điện an vị; Dâng cộ bánh lên Thầy Thím, Cúng Ngọ ; Thỉnh sanh, Tế Tiền hiền và Chánh tế Thần.

Sáng ngày 14 tổ chức Nghi lễ Nghinh Thần . Ban Tế tự tổ chức Đoàn lễ trong lễ phục truyền thống xuất phát từ dinh đến mộ Thầy Thím để thực hiện nghi lễ Nghinh Thần (Thầy Thím) về dinh an vị, hưởng lễ. Đoàn lễ gồm xe hoa, cờ lễ, cờ hội, bát bửu, kiệu sắc phong, kiệu Bằng xếp hạng di tích, kiệu lễ 6 đầu rồng (trên kiệu bài trí ngai nghinh, bình hoa, quả tử, chân đèn, bát nhang), tàn, lọng, trống, chiêng, nhạc lễ, Ban Tế tự, lân sư rồng, nhân dân và du khách tham gia trẩy hội.

Khi đến mộ Thầy Thím, Đoàn lễ thỉnh sắc phong, Bằng xếp hạng di tích, kiệu lễ (đặt ngai nghinh, bát nhang, hoa quả, chân đèn) vào trước sân Điện thờ. Sau đó, Ban Tế tự thỉnh bát nhang nhập điện để thực hiện nghi lễ khấn báo, thỉnh mời Thầy Thím về dinh hưởng lễ. Thực hiện xong nghi lễ Nghinh Thần tại Điện thờ chính, Ban Tế tự thỉnh bát nhang đặt lên kiệu lễ 6 đầu rồng để thỉnh Thầy Thím về dinh an vị, hưởng lễ. Trên đường nghinh rước Thầy Thím về dinh, chiêng, trống, nhạc lễ và đội lân sư rồng liên tục hòa âm và diễn xướng tạo không khí trang nghiêm, nhộn nhịp.

Rước Thầy Thím về đến dinh, Ban Tế tự thực hiện Nghi lễ Nhập điện an vị . Ban Tế tự thỉnh sắc phong, bằng xếp hạng di tích, bát nhang vào Chính điện; vị Chánh bái hai tay kính cẩn bưng bát nhang khấn vái trước khám thờ Thần 03 lần rồi an vị bát nhang lên khám thờ Thầy Thím. Trên khám thờ Thầy Thím bài trí sẵn hoa quả, trầu cau, trà nước, hương đèn, chè xôi. Nghi lễ Nhập điện an vị diễn ra nhanh gọn với 03 hồi chiêng, 03 hồi chung cổ, 03 hồi trống và nhạc lễ hòa âm rộn rã, tiếp đó vị Chánh bái cầm 03 nén hương khấn vái trước khám thờ Thần mời Thầy Thím an vị, hưởng lễ.

Trước lễ hội, để thể hiện sự biết ơn, kính trọng của người dân địa phương đối với Thầy Thím , Ban Tổ chức phát động Hội thi làm cộ bánh để dâng lên Thầy Thím. D inh Thầy Thím do Hội Tam Quý của địa phương quản lý, Hội có 07 chi hội trực thuộc, đến kỳ Lễ hội mỗi chi hội phải làm 01 cộ bánh dâng lên Thầy Thím. Các cộ bánh có dạng hình tháp 07 tầng, cao từ 1,7 m - 1,8m, trang trí đèn, hoa trang trọng thể hiện tính sáng tạo, khéo léo của các nghệ nhân.

Sáng ngày 15 là Nghi lễ Dâng cộ bánh lên Thầy Thím . 07 cộ bánh của 07 chi hội được đặt trang trọng ở gian giữa nhà Võ ca trước Chính điện. Sau 03 hồi chuông mở đầu, ông Chánh bái cầm 03 nén hương khấn báo, xin phép dâng các cộ bánh lên Thầy Thím. Sau đó , các cộ bánh được phát cho người dân và du khách như là lộc của Thầy Thím.

Tiếp theo là Nghi lễ Cúng Ngọ với lễ vật chay tại gian thờ Tiền Hiền và Chính điện.

Sáng ngày 16 là Nghi lễ Thỉnh sanh diễn ra tại Chính điện. Tuy nhiên, do không gian Chính điện hẹp nên Ban Tế tự thực hiện nghi lễ này tại nhà Võ ca (nối tiếp Chính điện về phía trước). Lễ vật chính trong nghi lễ này là 01 con heo đực toàn sắc, toàn sinh (còn sống) để tế thần.

Heo lễ đặt trên một chiếc giá gỗ ngay trước khám thờ chính nhà Võ ca. Việc hiến tế con heo toàn sắc còn sống trong nghi lễ Thỉnh sanh được xem như một sự tạ ơn của cộng đồng đối với Thần linh, cầu mong Thần linh bảo bọc, chở che và ban cho dân chúng những điều may mắn.

Phía trước cửa chính nhà Võ ca bày 01 bàn lễ vật để Chánh tế thực hiện nghi lễ. Ban Tế tự làm nghi thức dâng hương bên gian thờ Tiền hiền trước để khấn xin ông bà, tổ tiên cho phép dân làng được thực hiện nghi lễ Thỉnh sanh; sau đó di chuyển qua nhà Võ ca và Chính điện, nghi lễ Thỉnh sanh diễn ra nghiêm theo lệnh của vị Xướng lễ. Sau lễ tế, bổn hội, bổn vạn, bổn xã, viên quan, hương chức, người dân và du khách chứng kiến nghi lễ cùng vào dâng hương, khấn niệm, bái lạy trước các khám thờ.

Cùng lúc này, Ban Tế tự cho đưa con heo vào sân phía trước Chính điện. Vị Chánh bái tiến đến nơi con heo đang nằm yên trên giá đỡ, tay cầm 03 nén hương khấn xin phép Thầy Thím cho dân làng giết heo tế thần, lấy con dao (đặt trên bàn lễ trước nhà Võ ca) làm động tác cắt cổ heo tượng trưng. Sau đó, con heo được đưa ra phía sau để thịt. Ban Tế tự lấy 01 chén huyết pha rượu và cạo một chùm lông heo bỏ vào để làm nghi thức Ế mao huyết, dâng lên Thầy Thím, mong Thầy Thím chứng giám và tống khứ những điều dơ bẩn, xấu xa, rủi ro ra khỏi xóm làng. Heo sau khi làm lông sạch sẽ để nguyên con nằm úp, đưa vào đặt lên bàn, đầu quay về khám thờ chính trong nhà Võ ca để dâng tế Thầy Thím.

Tiếp theo là Nghi lễ Tế Tiền hiền để dâng tế các phẩm vật lên các vị Tiền hiền, Hậu hiền và ông bà, tổ tiên; thể hiện tấm lòng sùng kính và sự biết ơn đến công lao của các các bậc tiền nhân đã có công khai phá, tạo lập làng, dựng dinh và xây dựng cuộc sống trên vùng đất mới. Qua đó, cầu mong họ bảo bọc và phù hộ cho dân làng gặp nhiều may mắn, làm ăn phát đạt và cuộc sống ấm no.

Buổi trưa, Nghi lễ Chánh tế Thần diễn ra tại Chính điện và nhà Võ ca. Ngoài các lễ vật khác, con heo sống và chén ế mao huyết trong nghi lễ Thỉnh sanh vẫn được giữ lại. Sau khi Ban Tế tự thực hiện nghi lễ Chánh tế Thần, heo mới được đưa ra ngoài để xẻ thịt và chế biến các món ăn tiếp đãi quan khách và dân làng.

Bên cạnh các lễ thức trang nghiêm, cộng đồng còn tổ chức nhiểu trò chơi, trò diễn dân gian và hoạt động văn hóa - thể thao hấp dẫn như: Thi đấu cờ người, thi làm bánh, đan lưới, khiêng thúng ra khơi, gánh cá, kéo co, việt dã, bóng chuyền bãi biển, biểu diễn lân - sư - rồng, triển lãm mô hình sự tích Thầy T hím, trình diễn trống hội, chương trình nghệ thuật dân tộc...

Lễ hội dinh Thầy Thím ra đời và tồn tại gắn liền với quá trình hình thành vùng đất và con người nơi đây. Lễ hội là dịp để người dân tưởng nhớ và thể hiện lòng biết ơn của cộng đồng đối với công lao của Thầy Thím, người được coi như vị thần bảo trợ, chở che cho dân làng được khỏe mạnh, cuộc sống bình an, no ấm và hạnh phúc. Sự tích Thầy Thím phản ánh khát khao chính đáng của người dân lao động về một xã hội công bằng và hạnh phúc, đề cao tính nhân nghĩa, đạo đức, nhân cách cao cả của Thầy Thím, góp phần giáo dục truyền thống, nhân cách và lối sống tốt đẹp cho mọi thế hệ. Lễ hội dinh Thầy Thím hướng mọi người về cội nguồn, duy trì phong tục tập quán truyền thống tốt đẹp; là không gian trao truyền các giá trị văn hóa, cách thức thực hiện các nghi lễ của thế hệ trước cho các thế hệ sau. Không gian Lễ hội còn là nơi củng cố, tăng cường mối đoàn kết, tương thân tương ái trong cộng đồng dân cư; nâng cao ý thức về cội nguồn dân tộc, giá trị đạo đức, nhân cách sống, tinh thần hòa hợp để gắn kết các thành viên trong cộng đồng, hình thành nên một nếp sống cao đẹp và tình làng nghĩa xóm ngày càng bền chặt hơn. Lễ hội dinh Thầy Thím đáp ứng nhu cầu tâm linh của cộng đồng, cầu mong được Thần linh giúp đỡ, chở che để vượt qua khó khăn, thử thách trong cuộc sống thường ngày.

Với giá trị tiêu biểu, Lễ hội dinh Thầy Thím được Bộ trưởng Bộ Văn hóa, Thể thao và Du lịch đưa vào Danh mục di sản văn hóa phi vật thể quốc gia theo Quyết định số 62/QĐ-BVHTTDL ngày 12/01/2022 ./.

Dương Anh

(Theo Hồ sơ tư liệu, Cục Di sản văn hóa)"
